<?xml version="1.0" encoding="UTF-8"?>
<Configuration status="WARN">
    <Properties>
        <Property name="layout">%d{DEFAULT} [%-5p] %-20c{1} :- %m%n</Property>
    </Properties>
    <Appenders>
        <Console name="STDOUT" target="SYSTEM_OUT">
            <PatternLayout pattern="${layout}"/>
        </Console>
        <File name="FILE_YAWL"  fileName="YAWLEditor.log">
            <PatternLayout pattern="${layout}"/>
        </File>
    </Appenders>
    <Loggers>
        <Logger name="org.yawlfoundation.yawl" level="WARN" additivity="false">
            <AppenderRef ref="FILE_YAWL"/>
            <AppenderRef ref="STDOUT"/>
        </Logger>
        <Root level="ERROR">
            <AppenderRef ref="FILE_YAWL"/>
            <AppenderRef ref="STDOUT"/>
        </Root>
     </Loggers>
</Configuration>